,Title,AlbumURI,AlbumOrder,Like,AlbumID,AlbumName,TrackNumber,TrackName,TrackID,SampleURL,ReleaseYear,Genres,danceability,energy,loudness,speechiness,acousticness,instrumentalness,liveness,valence,tempo,key,mode,duration_ms,Popularity
0,Jackson Browne,spotify:album:0n93YRc9GP3ZgREgTHvP5u,1,1,0n93YRc9GP3ZgREgTHvP5u,Jackson Browne (Saturate Before Using),1,Jamaica Say You Will,0RwqThYUfPkAi71H2j63As,https://p.scdn.co/mp3-preview/0f3af5cc81ffa0d41685dd697b6a193cedd7057a?cid=a91ed9edffbc4349b0ae66ad2680900a,1972,"['album rock', 'classic rock', 'country rock', 'folk', 'folk rock', 'heartland rock', 'mellow gold', 'piano rock', 'pop rock', 'rock', 'roots rock', 'singer-songwriter', 'soft rock']",0.572,0.326,-12.429,0.0305,0.847,0.00013,0.22,0.409,72.785,4,1,203973,63.0
1,Jackson Browne,spotify:album:0n93YRc9GP3ZgREgTHvP5u,1,1,0n93YRc9GP3ZgREgTHvP5u,Jackson Browne (Saturate Before Using),2,A Child in These Hills,1tJDYFwncQSp9jw6wQu5Dt,https://p.scdn.co/mp3-preview/359e36b843286de4d481fec2317d8cd329c27571?cid=a91ed9edffbc4349b0ae66ad2680900a,1972,"['album rock', 'classic rock', 'country rock', 'folk', 'folk rock', 'heartland rock', 'mellow gold', 'piano rock', 'pop rock', 'rock', 'roots rock', 'singer-songwriter', 'soft rock']",0.544,0.496,-8.666,0.031,0.526,0.0139,0.273,0.472,129.96,3,1,239560,63.0
2,Jackson Browne,spotify:album:0n93YRc9GP3ZgREgTHvP5u,1,1,0n93YRc9GP3ZgREgTHvP5u,Jackson Browne (Saturate Before Using),3,Song for Adam,2vVqfmuavRb66If6piUdbV,https://p.scdn.co/mp3-preview/c1096c9ed62a4ed60c8eb086ff91d6103f6d351e?cid=a91ed9edffbc4349b0ae66ad2680900a,1972,"['album rock', 'classic rock', 'country rock', 'folk', 'folk rock', 'heartland rock', 'mellow gold', 'piano rock', 'pop rock', 'rock', 'roots rock', 'singer-songwriter', 'soft rock']",0.394,0.177,-14.598,0.0318,0.782,0.000236,0.106,0.228,140.645,1,1,323040,63.0
3,Jackson Browne,spotify:album:0n93YRc9GP3ZgREgTHvP5u,1,1,0n93YRc9GP3ZgREgTHvP5u,Jackson Browne (Saturate Before Using),4,Doctor My Eyes,3QcuZo6WLcFkqqLmDs0d95,https://p.scdn.co/mp3-preview/34393a3e0f434d9936ad1bef4a65c1dbbb4c64fb?cid=a91ed9edffbc4349b0ae66ad2680900a,1972,"['album rock', 'classic rock', 'country rock', 'folk', 'folk rock', 'heartland rock', 'mellow gold', 'piano rock', 'pop rock', 'rock', 'roots rock', 'singer-songwriter', 'soft rock']",0.48,0.626,-8.406,0.0294,0.266,5.7e-05,0.0857,0.542,75.63,5,1,199907,63.0
4,Jackson Browne,spotify:album:0n93YRc9GP3ZgREgTHvP5u,1,1,0n93YRc9GP3ZgREgTHvP5u,Jackson Browne (Saturate Before Using),5,From Silver Lake,4Cj5jIgC7gc3zmdYzPJmAd,https://p.scdn.co/mp3-preview/6f91d42448200dc9ad7b2895ea2bd18c1c8c1b8c?cid=a91ed9edffbc4349b0ae66ad2680900a,1972,"['album rock', 'classic rock', 'country rock', 'folk', 'folk rock', 'heartland rock', 'mellow gold', 'piano rock', 'pop rock', 'rock', 'roots rock', 'singer-songwriter', 'soft rock']",0.504,0.412,-9.567,0.0299,0.636,5.66e-06,0.0899,0.311,75.168,2,1,232440,63.0
5,Jackson Browne,spotify:album:0n93YRc9GP3ZgREgTHvP5u,1,1,0n93YRc9GP3ZgREgTHvP5u,Jackson Browne (Saturate Before Using),6,Something Fine,6C20UYVe7GFDXvB4t0AAw2,https://p.scdn.co/mp3-preview/102eacb63f035c3e14c061a5d7704a15317d8b32?cid=a91ed9edffbc4349b0ae66ad2680900a,1972,"['album rock', 'classic rock', 'country rock', 'folk', 'folk rock', 'heartland rock', 'mellow gold', 'piano rock', 'pop rock', 'rock', 'roots rock', 'singer-songwriter', 'soft rock']",0.482,0.158,-14.004,0.0379,0.892,0.0,0.128,0.268,126.252,6,1,228560,63.0
6,Jackson Browne,spotify:album:0n93YRc9GP3ZgREgTHvP5u,1,1,0n93YRc9GP3ZgREgTHvP5u,Jackson Browne (Saturate Before Using),7,Under the Falling Sky,0cF09PKK8obAf7hAUZXD8W,https://p.scdn.co/mp3-preview/f091d13c7ba4479c9a564385e3b7c952b6dfd618?cid=a91ed9edffbc4349b0ae66ad2680900a,1972,"['album rock', 'classic rock', 'country rock', 'folk', 'folk rock', 'heartland rock', 'mellow gold', 'piano rock', 'pop rock', 'rock', 'roots rock', 'singer-songwriter', 'soft rock']",0.527,0.568,-10.866,0.0407,0.783,0.000743,0.243,0.424,79.691,9,1,249933,63.0
7,Jackson Browne,spotify:album:0n93YRc9GP3ZgREgTHvP5u,1,1,0n93YRc9GP3ZgREgTHvP5u,Jackson Browne (Saturate Before Using),8,Looking into You,0aCMDfCMxLqo9l8FoEEiP0,https://p.scdn.co/mp3-preview/548e282aaab108787c89c12520a25d0feed76860?cid=a91ed9edffbc4349b0ae66ad2680900a,1972,"['album rock', 'classic rock', 'country rock', 'folk', 'folk rock', 'heartland rock', 'mellow gold', 'piano rock', 'pop rock', 'rock', 'roots rock', 'singer-songwriter', 'soft rock']",0.462,0.311,-10.465,0.0316,0.834,8.78e-05,0.122,0.323,129.842,2,1,259200,63.0
8,Jackson Browne,spotify:album:0n93YRc9GP3ZgREgTHvP5u,1,1,0n93YRc9GP3ZgREgTHvP5u,Jackson Browne (Saturate Before Using),9,Rock Me on the Water,5iGBFRhXqD0cbYaA25UE93,https://p.scdn.co/mp3-preview/f7cd7b6d03062a4510f85d65ad71976997934ab0?cid=a91ed9edffbc4349b0ae66ad2680900a,1972,"['album rock', 'classic rock', 'country rock', 'folk', 'folk rock', 'heartland rock', 'mellow gold', 'piano rock', 'pop rock', 'rock', 'roots rock', 'singer-songwriter', 'soft rock']",0.452,0.494,-10.194,0.0279,0.803,1.1e-05,0.187,0.486,99.914,7,1,252040,63.0
9,Jackson Browne,spotify:album:0n93YRc9GP3ZgREgTHvP5u,1,1,0n93YRc9GP3ZgREgTHvP5u,Jackson Browne (Saturate Before Using),10,My Opening Farewell,5hqN2X3TE5cUSWsabr8ja1,https://p.scdn.co/mp3-preview/15b915d1392e0c97a34ebd7230a2b58fe15ee282?cid=a91ed9edffbc4349b0ae66ad2680900a,1972,"['album rock', 'classic rock', 'country rock', 'folk', 'folk rock', 'heartland rock', 'mellow gold', 'piano rock', 'pop rock', 'rock', 'roots rock', 'singer-songwriter', 'soft rock']",0.5,0.236,-12.615,0.0329,0.859,0.0092,0.258,0.202,138.233,2,1,284827,63.0
10,For Everyman,spotify:album:12X80pgkHSjMDgAAS0HBdr,2,1,12X80pgkHSjMDgAAS0HBdr,For Everyman,1,Take It Easy,2Dl2i1mCLy7orIGtIHgsmb,https://p.scdn.co/mp3-preview/7e059429113dbd7e441ddc5825d0457f8e783713?cid=a91ed9edffbc4349b0ae66ad2680900a,1973,"['album rock', 'classic rock', 'country rock', 'folk', 'folk rock', 'heartland rock', 'mellow gold', 'piano rock', 'pop rock', 'rock', 'roots rock', 'singer-songwriter', 'soft rock']",0.535,0.578,-10.213,0.0266,0.0474,3.05e-06,0.513,0.347,138.31,7,1,230293,53.0
11,For Everyman,spotify:album:12X80pgkHSjMDgAAS0HBdr,2,1,12X80pgkHSjMDgAAS0HBdr,For Everyman,2,Our Lady of the Well,6sSc0ldaW4MZh2sbQdCo4n,https://p.scdn.co/mp3-preview/a077dba22c1fe00bd556573e1f26f1d04f5188b0?cid=a91ed9edffbc4349b0ae66ad2680900a,1973,"['album rock', 'classic rock', 'country rock', 'folk', 'folk rock', 'heartland rock', 'mellow gold', 'piano rock', 'pop rock', 'rock', 'roots rock', 'singer-songwriter', 'soft rock']",0.519,0.276,-12.81,0.0295,0.556,1.36e-06,0.123,0.297,135.923,7,1,218667,53.0
12,For Everyman,spotify:album:12X80pgkHSjMDgAAS0HBdr,2,1,12X80pgkHSjMDgAAS0HBdr,For Everyman,3,Colors of the Sun,411WtAb5yQdWuUJ2yI041X,https://p.scdn.co/mp3-preview/ec23eb076f7cfa0910fb9c873f78ab4c0c16313e?cid=a91ed9edffbc4349b0ae66ad2680900a,1973,"['album rock', 'classic rock', 'country rock', 'folk', 'folk rock', 'heartland rock', 'mellow gold', 'piano rock', 'pop rock', 'rock', 'roots rock', 'singer-songwriter', 'soft rock']",0.421,0.306,-13.953,0.027,0.595,0.0029,0.0884,0.143,76.378,11,0,257227,53.0
13,For Everyman,spotify:album:12X80pgkHSjMDgAAS0HBdr,2,1,12X80pgkHSjMDgAAS0HBdr,For Everyman,4,I Thought I Was a Child,0xHFiCfx8l1tTuoPahkVWD,https://p.scdn.co/mp3-preview/af3c5b16c9388fffdde1294e13707621bc92b928?cid=a91ed9edffbc4349b0ae66ad2680900a,1973,"['album rock', 'classic rock', 'country rock', 'folk', 'folk rock', 'heartland rock', 'mellow gold', 'piano rock', 'pop rock', 'rock', 'roots rock', 'singer-songwriter', 'soft rock']",0.524,0.447,-11.994,0.0423,0.808,0.000649,0.0829,0.267,121.246,5,1,225093,53.0
14,For Everyman,spotify:album:12X80pgkHSjMDgAAS0HBdr,2,1,12X80pgkHSjMDgAAS0HBdr,For Everyman,5,These Days,2dcoDVcOc9hGPbtZFtpcw3,https://p.scdn.co/mp3-preview/8c88e11f6a9b2a8dfad01f97e5047e9350de304d?cid=a91ed9edffbc4349b0ae66ad2680900a,1973,"['album rock', 'classic rock', 'country rock', 'folk', 'folk rock', 'heartland rock', 'mellow gold', 'piano rock', 'pop rock', 'rock', 'roots rock', 'singer-songwriter', 'soft rock']",0.472,0.357,-11.333,0.0284,0.516,0.00363,0.114,0.28,138.212,5,1,284840,53.0
15,For Everyman,spotify:album:12X80pgkHSjMDgAAS0HBdr,2,1,12X80pgkHSjMDgAAS0HBdr,For Everyman,6,Red Neck Friend,6NqbVSJu81G4sEvcL6EhaR,https://p.scdn.co/mp3-preview/e3b23f12d28e48912b8d87cbe9490750eada4c4b?cid=a91ed9edffbc4349b0ae66ad2680900a,1973,"['album rock', 'classic rock', 'country rock', 'folk', 'folk rock', 'heartland rock', 'mellow gold', 'piano rock', 'pop rock', 'rock', 'roots rock', 'singer-songwriter', 'soft rock']",0.514,0.906,-7.144,0.0451,0.0176,0.000894,0.0802,0.82,151.016,9,1,239267,53.0
16,For Everyman,spotify:album:12X80pgkHSjMDgAAS0HBdr,2,1,12X80pgkHSjMDgAAS0HBdr,For Everyman,7,The Times You've Come,1ZUuy415XLEWnRB9LeFrnj,https://p.scdn.co/mp3-preview/634dd4b51b3f6805b368d1a7ec72fc8e9e8f860c?cid=a91ed9edffbc4349b0ae66ad2680900a,1973,"['album rock', 'classic rock', 'country rock', 'folk', 'folk rock', 'heartland rock', 'mellow gold', 'piano rock', 'pop rock', 'rock', 'roots rock', 'singer-songwriter', 'soft rock']",0.476,0.283,-13.321,0.0314,0.58,7.75e-06,0.111,0.428,129.603,5,1,219333,53.0
17,For Everyman,spotify:album:12X80pgkHSjMDgAAS0HBdr,2,1,12X80pgkHSjMDgAAS0HBdr,For Everyman,8,Ready or Not,29izM0QENguzv9YzKBZ4Hj,https://p.scdn.co/mp3-preview/baea3888f07c437a1154c1a911c7ac02ed429373?cid=a91ed9edffbc4349b0ae66ad2680900a,1973,"['album rock', 'classic rock', 'country rock', 'folk', 'folk rock', 'heartland rock', 'mellow gold', 'piano rock', 'pop rock', 'rock', 'roots rock', 'singer-songwriter', 'soft rock']",0.629,0.661,-8.04,0.0482,0.148,0.0,0.338,0.461,117.341,4,1,215667,53.0
18,For Everyman,spotify:album:12X80pgkHSjMDgAAS0HBdr,2,1,12X80pgkHSjMDgAAS0HBdr,For Everyman,9,Sing My Songs to Me,5wmhXFie9coTRvbdNWuJ8a,https://p.scdn.co/mp3-preview/08d423a0bfa69e819e096bafd423411b6c7cf644?cid=a91ed9edffbc4349b0ae66ad2680900a,1973,"['album rock', 'classic rock', 'country rock', 'folk', 'folk rock', 'heartland rock', 'mellow gold', 'piano rock', 'pop rock', 'rock', 'roots rock', 'singer-songwriter', 'soft rock']",0.609,0.348,-13.46,0.0278,0.238,0.00243,0.114,0.289,89.372,2,1,205293,53.0
19,For Everyman,spotify:album:12X80pgkHSjMDgAAS0HBdr,2,1,12X80pgkHSjMDgAAS0HBdr,For Everyman,10,For Everyman,2jMicsmWOmQtkLQGtV1R0I,https://p.scdn.co/mp3-preview/7b48d1ac2bc3becc502f99e9f3f0ebe71ee9483e?cid=a91ed9edffbc4349b0ae66ad2680900a,1973,"['album rock', 'classic rock', 'country rock', 'folk', 'folk rock', 'heartland rock', 'mellow gold', 'piano rock', 'pop rock', 'rock', 'roots rock', 'singer-songwriter', 'soft rock']",0.523,0.476,-11.555,0.0243,0.222,0.000717,0.15,0.324,91.27,2,1,372000,53.0
20,Late for the Sky,spotify:album:0aiTqo8YZI0dKDgcCnkkzP,3,1,0aiTqo8YZI0dKDgcCnkkzP,Late for the Sky,1,Late for the Sky,2WCoRl4kKbaZ6oGN6KD4HQ,https://p.scdn.co/mp3-preview/a42a7a3a84203336b8886146c5d30cd50d2d9475?cid=a91ed9edffbc4349b0ae66ad2680900a,1974,"['album rock', 'classic rock', 'country rock', 'folk', 'folk rock', 'heartland rock', 'mellow gold', 'piano rock', 'pop rock', 'rock', 'roots rock', 'singer-songwriter', 'soft rock']",0.321,0.329,-9.724,0.0293,0.613,0.000305,0.0846,0.213,165.399,0,1,341691,52.0
21,Late for the Sky,spotify:album:0aiTqo8YZI0dKDgcCnkkzP,3,1,0aiTqo8YZI0dKDgcCnkkzP,Late for the Sky,2,Fountain of Sorrow - 2014 Remaster,2U2EMuFyUk5LYMPlMUpOxM,https://p.scdn.co/mp3-preview/d514b701cb9e06acf1abcf93a2c5039bdb6d2d00?cid=a91ed9edffbc4349b0ae66ad2680900a,1974,"['album rock', 'classic rock', 'country rock', 'folk', 'folk rock', 'heartland rock', 'mellow gold', 'piano rock', 'pop rock', 'rock', 'roots rock', 'singer-songwriter', 'soft rock']",0.638,0.5,-10.116,0.034,0.641,7.44e-05,0.0613,0.406,126.4,5,1,412082,52.0
22,Late for the Sky,spotify:album:0aiTqo8YZI0dKDgcCnkkzP,3,1,0aiTqo8YZI0dKDgcCnkkzP,Late for the Sky,3,Farther On - 2014 Remaster,4hd1zfFgUGLiwG7P1DPQun,https://p.scdn.co/mp3-preview/e1ae24cdcd177ffb4c4fe1a4ac8f1dc22ac98bb1?cid=a91ed9edffbc4349b0ae66ad2680900a,1974,"['album rock', 'classic rock', 'country rock', 'folk', 'folk rock', 'heartland rock', 'mellow gold', 'piano rock', 'pop rock', 'rock', 'roots rock', 'singer-songwriter', 'soft rock']",0.38,0.354,-9.296,0.0273,0.317,6.53e-06,0.128,0.321,165.189,2,1,321317,52.0
23,Late for the Sky,spotify:album:0aiTqo8YZI0dKDgcCnkkzP,3,1,0aiTqo8YZI0dKDgcCnkkzP,Late for the Sky,4,The Late Show - 2014 Remaster,2Oo2OrQV8bDYRUas5VqsCx,https://p.scdn.co/mp3-preview/46582a38fd158b73bd63da125b24a69142908bd7?cid=a91ed9edffbc4349b0ae66ad2680900a,1974,"['album rock', 'classic rock', 'country rock', 'folk', 'folk rock', 'heartland rock', 'mellow gold', 'piano rock', 'pop rock', 'rock', 'roots rock', 'singer-songwriter', 'soft rock']",0.487,0.359,-9.055,0.0339,0.645,2.4e-05,0.131,0.227,71.699,7,1,314833,52.0
24,Late for the Sky,spotify:album:0aiTqo8YZI0dKDgcCnkkzP,3,1,0aiTqo8YZI0dKDgcCnkkzP,Late for the Sky,5,The Road and the Sky - 2014 Remaster,2imyt572p6tbBZzRe1WoQo,https://p.scdn.co/mp3-preview/462c8a93c0c0088d1a49200dd144da5b22a36a54?cid=a91ed9edffbc4349b0ae66ad2680900a,1974,"['album rock', 'classic rock', 'country rock', 'folk', 'folk rock', 'heartland rock', 'mellow gold', 'piano rock', 'pop rock', 'rock', 'roots rock', 'singer-songwriter', 'soft rock']",0.543,0.878,-6.267,0.0304,0.167,8.85e-05,0.0544,0.914,147.009,9,1,188290,52.0
25,Late for the Sky,spotify:album:0aiTqo8YZI0dKDgcCnkkzP,3,1,0aiTqo8YZI0dKDgcCnkkzP,Late for the Sky,6,For a Dancer - 2014 Remaster,5zKu6Ei2joVOLZ6SKqCtur,https://p.scdn.co/mp3-preview/0ba387a550e5bb0beb3260c0b0167be5ef1f0b83?cid=a91ed9edffbc4349b0ae66ad2680900a,1974,"['album rock', 'classic rock', 'country rock', 'folk', 'folk rock', 'heartland rock', 'mellow gold', 'piano rock', 'pop rock', 'rock', 'roots rock', 'singer-songwriter', 'soft rock']",0.515,0.342,-9.97,0.0273,0.513,0.000464,0.0948,0.397,104.464,0,1,286397,52.0
26,Late for the Sky,spotify:album:0aiTqo8YZI0dKDgcCnkkzP,3,1,0aiTqo8YZI0dKDgcCnkkzP,Late for the Sky,7,Walking Slow - 2014 Remaster,7d0BD7srJtqWHdXKWLHCDG,https://p.scdn.co/mp3-preview/4168ae3ed94d8f3546b70c0f05c63eb415c2fd76?cid=a91ed9edffbc4349b0ae66ad2680900a,1974,"['album rock', 'classic rock', 'country rock', 'folk', 'folk rock', 'heartland rock', 'mellow gold', 'piano rock', 'pop rock', 'rock', 'roots rock', 'singer-songwriter', 'soft rock']",0.735,0.759,-7.085,0.0282,0.483,0.000994,0.102,0.961,122.347,9,1,235231,52.0
27,Late for the Sky,spotify:album:0aiTqo8YZI0dKDgcCnkkzP,3,1,0aiTqo8YZI0dKDgcCnkkzP,Late for the Sky,8,Before the Deluge - 2014 Remaster,7BHcqJb02q2gFFRXgccsxh,https://p.scdn.co/mp3-preview/605f11b67dad5e3cb5e2266427c101fc6f623643?cid=a91ed9edffbc4349b0ae66ad2680900a,1974,"['album rock', 'classic rock', 'country rock', 'folk', 'folk rock', 'heartland rock', 'mellow gold', 'piano rock', 'pop rock', 'rock', 'roots rock', 'singer-songwriter', 'soft rock']",0.503,0.508,-9.754,0.0267,0.14,0.000739,0.0498,0.52,106.896,7,1,381758,52.0
28,Running on Empty,spotify:album:24UtAJJRIuHICjdIDqaNhg,4,1,24UtAJJRIuHICjdIDqaNhg,Running on Empty (2018 Remaster),1,Running on Empty - 2018 Remaster,2GOO9UKA3Z1tTBSF6KUcZb,https://p.scdn.co/mp3-preview/e42d8c05ee8b579b00e62c1ea8ca67fbdac1eed0?cid=a91ed9edffbc4349b0ae66ad2680900a,1977,"['album rock', 'classic rock', 'country rock', 'folk', 'folk rock', 'heartland rock', 'mellow gold', 'piano rock', 'pop rock', 'rock', 'roots rock', 'singer-songwriter', 'soft rock']",0.506,0.885,-7.46,0.0753,0.0354,0.0383,0.722,0.291,136.913,9,1,330408,61.0
29,Running on Empty,spotify:album:24UtAJJRIuHICjdIDqaNhg,4,1,24UtAJJRIuHICjdIDqaNhg,Running on Empty (2018 Remaster),2,The Road - 2018 Remaster,4WysebyYDv5fRIFWgnWHMi,https://p.scdn.co/mp3-preview/4b15c0474b2257e3cf49760855b8f71ceb47c786?cid=a91ed9edffbc4349b0ae66ad2680900a,1977,"['album rock', 'classic rock', 'country rock', 'folk', 'folk rock', 'heartland rock', 'mellow gold', 'piano rock', 'pop rock', 'rock', 'roots rock', 'singer-songwriter', 'soft rock']",0.342,0.204,-14.048,0.0313,0.588,8.27e-05,0.419,0.166,133.709,7,1,286179,61.0
30,Running on Empty,spotify:album:24UtAJJRIuHICjdIDqaNhg,4,1,24UtAJJRIuHICjdIDqaNhg,Running on Empty (2018 Remaster),3,Rosie - 2018 Remaster,6ahJAZGYMyQz2OzjVyBatU,https://p.scdn.co/mp3-preview/b8de7e57ec35fdcd538f8bdd60950be97902d70b?cid=a91ed9edffbc4349b0ae66ad2680900a,1977,"['album rock', 'classic rock', 'country rock', 'folk', 'folk rock', 'heartland rock', 'mellow gold', 'piano rock', 'pop rock', 'rock', 'roots rock', 'singer-songwriter', 'soft rock']",0.568,0.13,-14.418,0.0311,0.949,1.29e-05,0.369,0.397,103.514,4,1,221231,61.0
31,Running on Empty,spotify:album:24UtAJJRIuHICjdIDqaNhg,4,1,24UtAJJRIuHICjdIDqaNhg,Running on Empty (2018 Remaster),4,You Love the Thunder - 2018 Remaster,4xqrf5Kj9JklIHPYbQI49t,https://p.scdn.co/mp3-preview/656dfff68d196f8786131dcbb1d88828644c297d?cid=a91ed9edffbc4349b0ae66ad2680900a,1977,"['album rock', 'classic rock', 'country rock', 'folk', 'folk rock', 'heartland rock', 'mellow gold', 'piano rock', 'pop rock', 'rock', 'roots rock', 'singer-songwriter', 'soft rock']",0.499,0.832,-6.994,0.0506,0.287,3.77e-05,0.678,0.489,138.024,4,1,234861,61.0
32,Running on Empty,spotify:album:24UtAJJRIuHICjdIDqaNhg,4,1,24UtAJJRIuHICjdIDqaNhg,Running on Empty (2018 Remaster),5,Cocaine - 2018 Remaster,3sxIjNkOGT5bIcd3euIT9s,https://p.scdn.co/mp3-preview/82e73abb546023b2bb121ae1a4b3eb6043081715?cid=a91ed9edffbc4349b0ae66ad2680900a,1977,"['album rock', 'classic rock', 'country rock', 'folk', 'folk rock', 'heartland rock', 'mellow gold', 'piano rock', 'pop rock', 'rock', 'roots rock', 'singer-songwriter', 'soft rock']",0.572,0.157,-18.313,0.0329,0.57,0.0303,0.354,0.47,105.243,0,1,293893,61.0
33,Running on Empty,spotify:album:24UtAJJRIuHICjdIDqaNhg,4,1,24UtAJJRIuHICjdIDqaNhg,Running on Empty (2018 Remaster),6,Shaky Town - 2018 Remaster,0PcqEMaEUepcTrPGemOFfd,https://p.scdn.co/mp3-preview/d8e6b8f69c64ffbcbbc38f0c15ef985f01048599?cid=a91ed9edffbc4349b0ae66ad2680900a,1977,"['album rock', 'classic rock', 'country rock', 'folk', 'folk rock', 'heartland rock', 'mellow gold', 'piano rock', 'pop rock', 'rock', 'roots rock', 'singer-songwriter', 'soft rock']",0.723,0.424,-8.911,0.0323,0.398,1.35e-06,0.147,0.719,146.325,7,1,220518,61.0
34,Running on Empty,spotify:album:24UtAJJRIuHICjdIDqaNhg,4,1,24UtAJJRIuHICjdIDqaNhg,Running on Empty (2018 Remaster),7,Love Needs a Heart - 2018 Remaster,49jSJPJWilUQrgy7rr8OEV,https://p.scdn.co/mp3-preview/3a354c7f2bffe93b0a24348ab99ccf5ffab1c1cf?cid=a91ed9edffbc4349b0ae66ad2680900a,1977,"['album rock', 'classic rock', 'country rock', 'folk', 'folk rock', 'heartland rock', 'mellow gold', 'piano rock', 'pop rock', 'rock', 'roots rock', 'singer-songwriter', 'soft rock']",0.48,0.334,-10.228,0.034,0.539,0.00334,0.677,0.308,143.73,5,1,209696,61.0
35,Running on Empty,spotify:album:24UtAJJRIuHICjdIDqaNhg,4,1,24UtAJJRIuHICjdIDqaNhg,Running on Empty (2018 Remaster),8,Nothing but Time - 2018 Remaster,3dT1uORexe4u6WQkgjXtzk,https://p.scdn.co/mp3-preview/5dd36755e75051f001dbea4c7bf162267da9370b?cid=a91ed9edffbc4349b0ae66ad2680900a,1977,"['album rock', 'classic rock', 'country rock', 'folk', 'folk rock', 'heartland rock', 'mellow gold', 'piano rock', 'pop rock', 'rock', 'roots rock', 'singer-songwriter', 'soft rock']",0.762,0.41,-14.91,0.0419,0.531,0.722,0.377,0.566,138.546,7,1,216589,61.0
36,Running on Empty,spotify:album:24UtAJJRIuHICjdIDqaNhg,4,1,24UtAJJRIuHICjdIDqaNhg,Running on Empty (2018 Remaster),9,The Load-Out - 2018 Remaster,75Cc2encvSkQ5OnDgAfJaV,https://p.scdn.co/mp3-preview/3eb0525aed25933708755cb9606cd093604faf48?cid=a91ed9edffbc4349b0ae66ad2680900a,1977,"['album rock', 'classic rock', 'country rock', 'folk', 'folk rock', 'heartland rock', 'mellow gold', 'piano rock', 'pop rock', 'rock', 'roots rock', 'singer-songwriter', 'soft rock']",0.516,0.319,-11.709,0.0343,0.739,0.000983,0.129,0.305,105.704,7,1,335257,61.0
37,Running on Empty,spotify:album:24UtAJJRIuHICjdIDqaNhg,4,1,24UtAJJRIuHICjdIDqaNhg,Running on Empty (2018 Remaster),10,Stay - 2018 Remaster,5eMjcHVRRh1tbimTgJPoGn,https://p.scdn.co/mp3-preview/c5d773eb0861909c02710a5816c9343e238245e1?cid=a91ed9edffbc4349b0ae66ad2680900a,1977,"['album rock', 'classic rock', 'country rock', 'folk', 'folk rock', 'heartland rock', 'mellow gold', 'piano rock', 'pop rock', 'rock', 'roots rock', 'singer-songwriter', 'soft rock']",0.603,0.765,-8.265,0.0275,0.0974,0.296,0.11,0.72,107.068,7,1,204464,61.0
38,The Pretender,spotify:album:1AqUcQKtf2AQ6rFRKIBei8,5,1,1AqUcQKtf2AQ6rFRKIBei8,The Pretender,1,The Fuse,17S1tAqpDYuF8tWo3t6ghH,https://p.scdn.co/mp3-preview/8e88077356d765292c958ba951454250139a93bf?cid=a91ed9edffbc4349b0ae66ad2680900a,1977-08-30,"['album rock', 'classic rock', 'country rock', 'folk', 'folk rock', 'heartland rock', 'mellow gold', 'piano rock', 'pop rock', 'rock', 'roots rock', 'singer-songwriter', 'soft rock']",0.502,0.575,-10.612,0.0293,0.0324,2.84e-05,0.168,0.249,127.642,4,0,346000,53.0
39,The Pretender,spotify:album:1AqUcQKtf2AQ6rFRKIBei8,5,1,1AqUcQKtf2AQ6rFRKIBei8,The Pretender,2,Your Bright Baby Blues,7JoxBuKRqNbdX2WJU6apDR,https://p.scdn.co/mp3-preview/6b916e273a9c6ac78b88f8597276c75a85137a8c?cid=a91ed9edffbc4349b0ae66ad2680900a,1977-08-30,"['album rock', 'classic rock', 'country rock', 'folk', 'folk rock', 'heartland rock', 'mellow gold', 'piano rock', 'pop rock', 'rock', 'roots rock', 'singer-songwriter', 'soft rock']",0.634,0.403,-10.062,0.0299,0.0287,3.69e-05,0.126,0.502,71.352,6,1,364027,53.0
40,The Pretender,spotify:album:1AqUcQKtf2AQ6rFRKIBei8,5,1,1AqUcQKtf2AQ6rFRKIBei8,The Pretender,3,Linda Paloma,2eEVA9YI3yhTdugUysHmaP,https://p.scdn.co/mp3-preview/a79bfc8b56caa0b932aaa97182be681680396fa2?cid=a91ed9edffbc4349b0ae66ad2680900a,1977-08-30,"['album rock', 'classic rock', 'country rock', 'folk', 'folk rock', 'heartland rock', 'mellow gold', 'piano rock', 'pop rock', 'rock', 'roots rock', 'singer-songwriter', 'soft rock']",0.541,0.432,-9.699,0.0304,0.221,0.0,0.203,0.245,95.251,11,1,246400,53.0
41,The Pretender,spotify:album:1AqUcQKtf2AQ6rFRKIBei8,5,1,1AqUcQKtf2AQ6rFRKIBei8,The Pretender,4,Here Come Those Tears Again,0TEFPhz79iiutJXI0pNiur,https://p.scdn.co/mp3-preview/4e4fb7bb7e9d7d0f7125093edfdb2ff04f622286?cid=a91ed9edffbc4349b0ae66ad2680900a,1977-08-30,"['album rock', 'classic rock', 'country rock', 'folk', 'folk rock', 'heartland rock', 'mellow gold', 'piano rock', 'pop rock', 'rock', 'roots rock', 'singer-songwriter', 'soft rock']",0.674,0.61,-9.336,0.0312,0.0511,0.0,0.0526,0.727,115.249,10,1,212600,53.0
42,The Pretender,spotify:album:1AqUcQKtf2AQ6rFRKIBei8,5,1,1AqUcQKtf2AQ6rFRKIBei8,The Pretender,5,The Only Child,2wG0fOVwQ2lssnD3twxczs,https://p.scdn.co/mp3-preview/c39510c70e6dd8374fee4f4b1786991b290f69b0?cid=a91ed9edffbc4349b0ae66ad2680900a,1977-08-30,"['album rock', 'classic rock', 'country rock', 'folk', 'folk rock', 'heartland rock', 'mellow gold', 'piano rock', 'pop rock', 'rock', 'roots rock', 'singer-songwriter', 'soft rock']",0.499,0.529,-8.705,0.0304,0.46,0.0,0.19,0.444,125.42,5,1,221400,53.0
43,The Pretender,spotify:album:1AqUcQKtf2AQ6rFRKIBei8,5,1,1AqUcQKtf2AQ6rFRKIBei8,The Pretender,6,Daddy's Tune,5KL739aL1lzeCoXcK908t1,https://p.scdn.co/mp3-preview/70a4c3a84647946e60b722c87ec52c076e0282f7?cid=a91ed9edffbc4349b0ae66ad2680900a,1977-08-30,"['album rock', 'classic rock', 'country rock', 'folk', 'folk rock', 'heartland rock', 'mellow gold', 'piano rock', 'pop rock', 'rock', 'roots rock', 'singer-songwriter', 'soft rock']",0.551,0.541,-7.547,0.0279,0.0217,1.29e-06,0.203,0.464,137.457,0,1,215067,53.0
44,The Pretender,spotify:album:1AqUcQKtf2AQ6rFRKIBei8,5,1,1AqUcQKtf2AQ6rFRKIBei8,The Pretender,7,Sleep's Dark and Silent Gate,6bz0BZSFljSbtS34FNfYF1,https://p.scdn.co/mp3-preview/ab286718f8a168d9e3b4760c2d457e14aa0a93cc?cid=a91ed9edffbc4349b0ae66ad2680900a,1977-08-30,"['album rock', 'classic rock', 'country rock', 'folk', 'folk rock', 'heartland rock', 'mellow gold', 'piano rock', 'pop rock', 'rock', 'roots rock', 'singer-songwriter', 'soft rock']",0.426,0.362,-9.244,0.0349,0.387,0.0,0.171,0.171,136.382,9,1,155440,53.0
45,The Pretender,spotify:album:1AqUcQKtf2AQ6rFRKIBei8,5,1,1AqUcQKtf2AQ6rFRKIBei8,The Pretender,8,The Pretender,7Gr61S9VTm8fcYfAo4Fd9g,https://p.scdn.co/mp3-preview/86e6373c0779accf4e4f3c0217dc0709ed3b80b1?cid=a91ed9edffbc4349b0ae66ad2680900a,1977-08-30,"['album rock', 'classic rock', 'country rock', 'folk', 'folk rock', 'heartland rock', 'mellow gold', 'piano rock', 'pop rock', 'rock', 'roots rock', 'singer-songwriter', 'soft rock']",0.62,0.529,-7.976,0.0306,0.158,0.0,0.228,0.63,103.18,7,1,351000,53.0
46,Hold Out,spotify:album:1sPzplNErJ43rUcV9FQb35,6,0,1sPzplNErJ43rUcV9FQb35,Hold Out,1,Disco Apocalypse,15QhT0ueiYqkgObXwpnvmv,https://p.scdn.co/mp3-preview/dc735dd0ff4d0370d48e060fb7b65b5fd485b07b?cid=a91ed9edffbc4349b0ae66ad2680900a,1980,"['album rock', 'classic rock', 'country rock', 'folk', 'folk rock', 'heartland rock', 'mellow gold', 'piano rock', 'pop rock', 'rock', 'roots rock', 'singer-songwriter', 'soft rock']",0.61,0.688,-8.167,0.0335,0.199,0.00302,0.0702,0.89,114.164,9,0,312427,43.0
47,Hold Out,spotify:album:1sPzplNErJ43rUcV9FQb35,6,0,1sPzplNErJ43rUcV9FQb35,Hold Out,2,Hold Out,6tSUpwyz4fg19lWxSniZYz,https://p.scdn.co/mp3-preview/68403bfa051074a920da8172405c56f6b0556ca0?cid=a91ed9edffbc4349b0ae66ad2680900a,1980,"['album rock', 'classic rock', 'country rock', 'folk', 'folk rock', 'heartland rock', 'mellow gold', 'piano rock', 'pop rock', 'rock', 'roots rock', 'singer-songwriter', 'soft rock']",0.453,0.463,-8.767,0.0302,0.651,0.00798,0.0718,0.396,142.287,0,1,338200,43.0
48,Hold Out,spotify:album:1sPzplNErJ43rUcV9FQb35,6,0,1sPzplNErJ43rUcV9FQb35,Hold Out,3,That Girl Could Sing,0KbNyJFUpNHhzCRFlrMPSE,https://p.scdn.co/mp3-preview/dd9cd4eccbdf1995960058aa3bab68e8a19db0a8?cid=a91ed9edffbc4349b0ae66ad2680900a,1980,"['album rock', 'classic rock', 'country rock', 'folk', 'folk rock', 'heartland rock', 'mellow gold', 'piano rock', 'pop rock', 'rock', 'roots rock', 'singer-songwriter', 'soft rock']",0.707,0.645,-9.236,0.0329,0.327,0.00102,0.0523,0.637,132.373,11,0,275293,43.0
49,Hold Out,spotify:album:1sPzplNErJ43rUcV9FQb35,6,0,1sPzplNErJ43rUcV9FQb35,Hold Out,4,Boulevard,6oO4MqRSMxIDFqX1OQnVAz,https://p.scdn.co/mp3-preview/7e04b1736900188b05077a73aca559332a00db00?cid=a91ed9edffbc4349b0ae66ad2680900a,1980,"['album rock', 'classic rock', 'country rock', 'folk', 'folk rock', 'heartland rock', 'mellow gold', 'piano rock', 'pop rock', 'rock', 'roots rock', 'singer-songwriter', 'soft rock']",0.541,0.855,-7.058,0.0625,0.339,1.8e-06,0.0821,0.82,141.142,9,1,200800,43.0
50,Hold Out,spotify:album:1sPzplNErJ43rUcV9FQb35,6,0,1sPzplNErJ43rUcV9FQb35,Hold Out,5,Of Missing Persons,29UxzjT23mj93ecIXPeVjC,https://p.scdn.co/mp3-preview/7a51cf708fd573713446aebde8fe2375f876b9da?cid=a91ed9edffbc4349b0ae66ad2680900a,1980,"['album rock', 'classic rock', 'country rock', 'folk', 'folk rock', 'heartland rock', 'mellow gold', 'piano rock', 'pop rock', 'rock', 'roots rock', 'singer-songwriter', 'soft rock']",0.447,0.436,-9.422,0.0269,0.437,5.38e-05,0.0911,0.214,99.73,0,1,393267,43.0
51,Hold Out,spotify:album:1sPzplNErJ43rUcV9FQb35,6,0,1sPzplNErJ43rUcV9FQb35,Hold Out,6,Call It a Loan,0QBp4St6ytOxCo4SzmnfEh,https://p.scdn.co/mp3-preview/f9b8d7b6f85bc31bb92b704402164faf28053da0?cid=a91ed9edffbc4349b0ae66ad2680900a,1980,"['album rock', 'classic rock', 'country rock', 'folk', 'folk rock', 'heartland rock', 'mellow gold', 'piano rock', 'pop rock', 'rock', 'roots rock', 'singer-songwriter', 'soft rock']",0.481,0.455,-9.646,0.0279,0.472,0.00176,0.0915,0.343,185.951,6,1,289027,43.0
52,Hold Out,spotify:album:1sPzplNErJ43rUcV9FQb35,6,0,1sPzplNErJ43rUcV9FQb35,Hold Out,7,Hold on Hold Out,2J98VpEmFxFk08kFhW57XM,https://p.scdn.co/mp3-preview/9bf340a0fc1dee9808bd6bd538d32b9871bfc658?cid=a91ed9edffbc4349b0ae66ad2680900a,1980,"['album rock', 'classic rock', 'country rock', 'folk', 'folk rock', 'heartland rock', 'mellow gold', 'piano rock', 'pop rock', 'rock', 'roots rock', 'singer-songwriter', 'soft rock']",0.482,0.599,-10.054,0.0308,0.288,0.00182,0.0952,0.275,133.832,9,1,487933,43.0
53,Lawyers in Love,spotify:album:3nTuwTk2Gss075xnGnXtU3,7,0,3nTuwTk2Gss075xnGnXtU3,Lawyers in Love,1,Lawyers in Love,26lCNg8WekUoDbLhEbUyXZ,https://p.scdn.co/mp3-preview/dfe19f11a393934a89318f586b91e3b01bafab0b?cid=a91ed9edffbc4349b0ae66ad2680900a,1983-07-26,"['album rock', 'classic rock', 'country rock', 'folk', 'folk rock', 'heartland rock', 'mellow gold', 'piano rock', 'pop rock', 'rock', 'roots rock', 'singer-songwriter', 'soft rock']",0.522,0.74,-6.496,0.0284,0.0286,0.00126,0.145,0.639,139.031,9,1,259747,45.0
54,Lawyers in Love,spotify:album:3nTuwTk2Gss075xnGnXtU3,7,0,3nTuwTk2Gss075xnGnXtU3,Lawyers in Love,2,On the Day,6rkTWY9v4Jk5PbMzLQu1U8,https://p.scdn.co/mp3-preview/494fcb3322cb590afb0ebb54e55da560215e325b?cid=a91ed9edffbc4349b0ae66ad2680900a,1983-07-26,"['album rock', 'classic rock', 'country rock', 'folk', 'folk rock', 'heartland rock', 'mellow gold', 'piano rock', 'pop rock', 'rock', 'roots rock', 'singer-songwriter', 'soft rock']",0.597,0.522,-12.883,0.0322,0.0922,1.34e-05,0.206,0.601,118.441,4,0,236533,45.0
55,Lawyers in Love,spotify:album:3nTuwTk2Gss075xnGnXtU3,7,0,3nTuwTk2Gss075xnGnXtU3,Lawyers in Love,3,Cut It Away,5eCRwupFHaek8HwModZUZP,https://p.scdn.co/mp3-preview/569241f689c1f73fa96b016d5aeb68cc875a687d?cid=a91ed9edffbc4349b0ae66ad2680900a,1983-07-26,"['album rock', 'classic rock', 'country rock', 'folk', 'folk rock', 'heartland rock', 'mellow gold', 'piano rock', 'pop rock', 'rock', 'roots rock', 'singer-songwriter', 'soft rock']",0.603,0.484,-13.169,0.0274,0.0663,0.0,0.146,0.511,118.411,7,1,286000,45.0
56,Lawyers in Love,spotify:album:3nTuwTk2Gss075xnGnXtU3,7,0,3nTuwTk2Gss075xnGnXtU3,Lawyers in Love,4,Downtown,1ZRivAKweXTu0cmIvqOTba,https://p.scdn.co/mp3-preview/3bfd73e983d85b964ec6c415bed8cd302872ee49?cid=a91ed9edffbc4349b0ae66ad2680900a,1983-07-26,"['album rock', 'classic rock', 'country rock', 'folk', 'folk rock', 'heartland rock', 'mellow gold', 'piano rock', 'pop rock', 'rock', 'roots rock', 'singer-songwriter', 'soft rock']",0.657,0.629,-12.761,0.0428,0.0869,3.87e-05,0.098,0.723,144.848,2,1,246133,45.0
57,Lawyers in Love,spotify:album:3nTuwTk2Gss075xnGnXtU3,7,0,3nTuwTk2Gss075xnGnXtU3,Lawyers in Love,5,Tender Is the Night,2CzYQ2ktwSMGnA5ypH2a8w,https://p.scdn.co/mp3-preview/cc17149181f671fd4b996f260786d27ce847a465?cid=a91ed9edffbc4349b0ae66ad2680900a,1983-07-26,"['album rock', 'classic rock', 'country rock', 'folk', 'folk rock', 'heartland rock', 'mellow gold', 'piano rock', 'pop rock', 'rock', 'roots rock', 'singer-songwriter', 'soft rock']",0.764,0.529,-7.157,0.0329,0.173,0.000164,0.0985,0.703,113.312,7,1,293000,45.0
58,Lawyers in Love,spotify:album:3nTuwTk2Gss075xnGnXtU3,7,0,3nTuwTk2Gss075xnGnXtU3,Lawyers in Love,6,Knock on Any Door,4hpj6lTtkeqHPQcZOBwGiS,https://p.scdn.co/mp3-preview/06d27d622c7e96a9312cd6a9e14103bf92e68826?cid=a91ed9edffbc4349b0ae66ad2680900a,1983-07-26,"['album rock', 'classic rock', 'country rock', 'folk', 'folk rock', 'heartland rock', 'mellow gold', 'piano rock', 'pop rock', 'rock', 'roots rock', 'singer-songwriter', 'soft rock']",0.65,0.524,-13.338,0.0263,0.274,1.82e-06,0.0579,0.782,99.053,11,0,217733,45.0
59,Lawyers in Love,spotify:album:3nTuwTk2Gss075xnGnXtU3,7,0,3nTuwTk2Gss075xnGnXtU3,Lawyers in Love,7,Say It Isn't True,1oMu80RHJGJcjzEXnK1s8v,https://p.scdn.co/mp3-preview/cbf8e78e80725481b04f78ca16b45281f59d5ca9?cid=a91ed9edffbc4349b0ae66ad2680900a,1983-07-26,"['album rock', 'classic rock', 'country rock', 'folk', 'folk rock', 'heartland rock', 'mellow gold', 'piano rock', 'pop rock', 'rock', 'roots rock', 'singer-songwriter', 'soft rock']",0.589,0.191,-15.707,0.0273,0.323,9.89e-05,0.111,0.316,80.092,7,1,321467,45.0
60,Lawyers in Love,spotify:album:3nTuwTk2Gss075xnGnXtU3,7,0,3nTuwTk2Gss075xnGnXtU3,Lawyers in Love,8,For a Rocker,76Inmt7MZhUrPnDcoRcRjm,https://p.scdn.co/mp3-preview/85fa1dbeb7c5ac42d35c5543764140d5224a738c?cid=a91ed9edffbc4349b0ae66ad2680900a,1983-07-26,"['album rock', 'classic rock', 'country rock', 'folk', 'folk rock', 'heartland rock', 'mellow gold', 'piano rock', 'pop rock', 'rock', 'roots rock', 'singer-songwriter', 'soft rock']",0.505,0.549,-11.793,0.0369,0.0124,3.44e-06,0.353,0.778,147.022,2,1,244867,45.0
61,Lives in the Balance,spotify:album:5Dzx6h4qogc7CFRYl3g3k3,8,0,5Dzx6h4qogc7CFRYl3g3k3,Lives in the Balance,1,For America,2r0oEagiOBdEAhVzc3ltly,https://p.scdn.co/mp3-preview/99f8cd0b30707f4bcafaefd117559962835aa043?cid=a91ed9edffbc4349b0ae66ad2680900a,1986-02-18,"['album rock', 'classic rock', 'country rock', 'folk', 'folk rock', 'heartland rock', 'mellow gold', 'piano rock', 'pop rock', 'rock', 'roots rock', 'singer-songwriter', 'soft rock']",0.521,0.831,-8.083,0.0543,0.00508,1.55e-05,0.207,0.545,143.839,2,0,307933,38.0
62,Lives in the Balance,spotify:album:5Dzx6h4qogc7CFRYl3g3k3,8,0,5Dzx6h4qogc7CFRYl3g3k3,Lives in the Balance,2,Soldier of Plenty,0oEKXQf2SVtaObamYqubfu,https://p.scdn.co/mp3-preview/7aef62d4ba5c39b4288102e91d4b713f20d6d74c?cid=a91ed9edffbc4349b0ae66ad2680900a,1986-02-18,"['album rock', 'classic rock', 'country rock', 'folk', 'folk rock', 'heartland rock', 'mellow gold', 'piano rock', 'pop rock', 'rock', 'roots rock', 'singer-songwriter', 'soft rock']",0.738,0.533,-12.987,0.0287,0.156,0.000551,0.0641,0.7,129.305,2,1,274067,38.0
63,Lives in the Balance,spotify:album:5Dzx6h4qogc7CFRYl3g3k3,8,0,5Dzx6h4qogc7CFRYl3g3k3,Lives in the Balance,3,In the Shape of a Heart,3Z7fmgWQXBfEnTQ3aCmjgm,https://p.scdn.co/mp3-preview/8eda8d40ba0a44278635a2cc6279439c54be7471?cid=a91ed9edffbc4349b0ae66ad2680900a,1986-02-18,"['album rock', 'classic rock', 'country rock', 'folk', 'folk rock', 'heartland rock', 'mellow gold', 'piano rock', 'pop rock', 'rock', 'roots rock', 'singer-songwriter', 'soft rock']",0.757,0.558,-8.365,0.0293,0.253,5.73e-06,0.0933,0.72,126.379,4,1,342173,38.0
64,Lives in the Balance,spotify:album:5Dzx6h4qogc7CFRYl3g3k3,8,0,5Dzx6h4qogc7CFRYl3g3k3,Lives in the Balance,4,Candy,38B53dgAp3HwCqvT6F98wk,https://p.scdn.co/mp3-preview/4f5238ec4ba30f710dd5bcce418e0a05fd2e4af8?cid=a91ed9edffbc4349b0ae66ad2680900a,1986-02-18,"['album rock', 'classic rock', 'country rock', 'folk', 'folk rock', 'heartland rock', 'mellow gold', 'piano rock', 'pop rock', 'rock', 'roots rock', 'singer-songwriter', 'soft rock']",0.718,0.555,-12.521,0.0299,0.0217,0.00165,0.207,0.752,120.966,4,0,251400,38.0
65,Lives in the Balance,spotify:album:5Dzx6h4qogc7CFRYl3g3k3,8,0,5Dzx6h4qogc7CFRYl3g3k3,Lives in the Balance,5,Lawless Avenues,2LyPszBIOHeyQwGuktry4C,https://p.scdn.co/mp3-preview/9c637e4f71cfbe3012b51473aed67a00ce23dd56?cid=a91ed9edffbc4349b0ae66ad2680900a,1986-02-18,"['album rock', 'classic rock', 'country rock', 'folk', 'folk rock', 'heartland rock', 'mellow gold', 'piano rock', 'pop rock', 'rock', 'roots rock', 'singer-songwriter', 'soft rock']",0.572,0.794,-7.409,0.0452,0.104,6.65e-06,0.265,0.885,151.518,2,1,338693,38.0
66,Lives in the Balance,spotify:album:5Dzx6h4qogc7CFRYl3g3k3,8,0,5Dzx6h4qogc7CFRYl3g3k3,Lives in the Balance,6,Lives in the Balance,2CP5ozMyA0pD2Sfz55LjFR,https://p.scdn.co/mp3-preview/a1a259e3a759d0d55c36dd24bbb529b9c884da13?cid=a91ed9edffbc4349b0ae66ad2680900a,1986-02-18,"['album rock', 'classic rock', 'country rock', 'folk', 'folk rock', 'heartland rock', 'mellow gold', 'piano rock', 'pop rock', 'rock', 'roots rock', 'singer-songwriter', 'soft rock']",0.714,0.538,-10.427,0.0326,0.692,0.0,0.117,0.457,137.838,7,0,254040,38.0
67,Lives in the Balance,spotify:album:5Dzx6h4qogc7CFRYl3g3k3,8,0,5Dzx6h4qogc7CFRYl3g3k3,Lives in the Balance,7,Till I Go Down,4Zy7r4S2ZhG5RQotJPyvyu,https://p.scdn.co/mp3-preview/447eda7e0e0a3d4fdcea609ac9ddf55013375b91?cid=a91ed9edffbc4349b0ae66ad2680900a,1986-02-18,"['album rock', 'classic rock', 'country rock', 'folk', 'folk rock', 'heartland rock', 'mellow gold', 'piano rock', 'pop rock', 'rock', 'roots rock', 'singer-songwriter', 'soft rock']",0.724,0.358,-13.473,0.0279,0.0983,0.0,0.26,0.964,85.572,6,0,257240,38.0
68,Lives in the Balance,spotify:album:5Dzx6h4qogc7CFRYl3g3k3,8,0,5Dzx6h4qogc7CFRYl3g3k3,Lives in the Balance,8,Black and White,3RaIOMJQYpXrPiq3vrAlv0,https://p.scdn.co/mp3-preview/3cd94fef59181ad0d51019ea43d313d4f17e48b7?cid=a91ed9edffbc4349b0ae66ad2680900a,1986-02-18,"['album rock', 'classic rock', 'country rock', 'folk', 'folk rock', 'heartland rock', 'mellow gold', 'piano rock', 'pop rock', 'rock', 'roots rock', 'singer-songwriter', 'soft rock']",0.607,0.451,-15.02,0.0354,0.198,1.27e-05,0.122,0.371,127.047,7,1,311427,38.0
69,World In Motion,spotify:album:2FThRW6P2d1DQBn1btklsb,9,0,2FThRW6P2d1DQBn1btklsb,World In Motion,1,World in Motion,0QVrkWpmngwkxeQZqJGOdO,https://p.scdn.co/mp3-preview/b685f38e66e4120c624d7e62b9f2d59ed0ed2b50?cid=a91ed9edffbc4349b0ae66ad2680900a,1989-06-02,"['album rock', 'classic rock', 'country rock', 'folk', 'folk rock', 'heartland rock', 'mellow gold', 'piano rock', 'pop rock', 'rock', 'roots rock', 'singer-songwriter', 'soft rock']",0.567,0.592,-12.25,0.0286,0.0833,7.34e-06,0.0467,0.6,96.317,7,1,266000,25.0
70,World In Motion,spotify:album:2FThRW6P2d1DQBn1btklsb,9,0,2FThRW6P2d1DQBn1btklsb,World In Motion,2,Enough of the Night,1JjIOWdMiMeHNjEzxgvBwy,https://p.scdn.co/mp3-preview/117db20126fa8383c1ca4977640d4aee52dfc4dc?cid=a91ed9edffbc4349b0ae66ad2680900a,1989-06-02,"['album rock', 'classic rock', 'country rock', 'folk', 'folk rock', 'heartland rock', 'mellow gold', 'piano rock', 'pop rock', 'rock', 'roots rock', 'singer-songwriter', 'soft rock']",0.74,0.447,-12.963,0.0343,0.499,3.48e-05,0.0945,0.894,131.482,2,1,295867,25.0
71,World In Motion,spotify:album:2FThRW6P2d1DQBn1btklsb,9,0,2FThRW6P2d1DQBn1btklsb,World In Motion,3,Chasing You into the Light,0W3aQ8vdiED0M4TJviPUKg,https://p.scdn.co/mp3-preview/e321bab82cd5b30e56990d22cd9dde7003dd2f99?cid=a91ed9edffbc4349b0ae66ad2680900a,1989-06-02,"['album rock', 'classic rock', 'country rock', 'folk', 'folk rock', 'heartland rock', 'mellow gold', 'piano rock', 'pop rock', 'rock', 'roots rock', 'singer-songwriter', 'soft rock']",0.676,0.695,-12.25,0.031,0.18,0.000225,0.158,0.95,139.758,2,1,259373,25.0
72,World In Motion,spotify:album:2FThRW6P2d1DQBn1btklsb,9,0,2FThRW6P2d1DQBn1btklsb,World In Motion,4,How Long,6B2DUthcQdLpNvkW28N3nh,https://p.scdn.co/mp3-preview/0adf31ffb17faf49b1a9171ec09c924f488feb3e?cid=a91ed9edffbc4349b0ae66ad2680900a,1989-06-02,"['album rock', 'classic rock', 'country rock', 'folk', 'folk rock', 'heartland rock', 'mellow gold', 'piano rock', 'pop rock', 'rock', 'roots rock', 'singer-songwriter', 'soft rock']",0.724,0.311,-15.903,0.0286,0.292,6.54e-05,0.0807,0.226,109.28,4,0,374707,25.0
73,World In Motion,spotify:album:2FThRW6P2d1DQBn1btklsb,9,0,2FThRW6P2d1DQBn1btklsb,World In Motion,5,Anything Can Happen,3kIXsS6BaboEvp8K5AgukM,https://p.scdn.co/mp3-preview/c30db2aa811ff1203ff2908bae302e094e618d56?cid=a91ed9edffbc4349b0ae66ad2680900a,1989-06-02,"['album rock', 'classic rock', 'country rock', 'folk', 'folk rock', 'heartland rock', 'mellow gold', 'piano rock', 'pop rock', 'rock', 'roots rock', 'singer-songwriter', 'soft rock']",0.649,0.288,-15.347,0.0294,0.0777,0.000261,0.0638,0.363,145.227,11,1,307000,25.0
74,World In Motion,spotify:album:2FThRW6P2d1DQBn1btklsb,9,0,2FThRW6P2d1DQBn1btklsb,World In Motion,6,When the Stone Begins to Turn,1nTCxNnSk6P12eOG4W66Fa,https://p.scdn.co/mp3-preview/7b34768d84d912ee5488f8dcabca7a8b03945282?cid=a91ed9edffbc4349b0ae66ad2680900a,1989-06-02,"['album rock', 'classic rock', 'country rock', 'folk', 'folk rock', 'heartland rock', 'mellow gold', 'piano rock', 'pop rock', 'rock', 'roots rock', 'singer-songwriter', 'soft rock']",0.702,0.328,-14.603,0.158,0.0221,3.57e-06,0.0419,0.695,154.411,7,1,291560,25.0
75,World In Motion,spotify:album:2FThRW6P2d1DQBn1btklsb,9,0,2FThRW6P2d1DQBn1btklsb,World In Motion,7,The Word Justice,1GQlZkt6QgEX3KnJd9iSkh,https://p.scdn.co/mp3-preview/61848f27cbfb921266efee91d18c3569b328457a?cid=a91ed9edffbc4349b0ae66ad2680900a,1989-06-02,"['album rock', 'classic rock', 'country rock', 'folk', 'folk rock', 'heartland rock', 'mellow gold', 'piano rock', 'pop rock', 'rock', 'roots rock', 'singer-songwriter', 'soft rock']",0.651,0.447,-11.695,0.0301,0.109,3.62e-06,0.0611,0.66,94.717,9,1,260973,25.0
76,World In Motion,spotify:album:2FThRW6P2d1DQBn1btklsb,9,0,2FThRW6P2d1DQBn1btklsb,World In Motion,8,My Personal Revenge,0BDg2NgpJqvehpaw52ZDCT,https://p.scdn.co/mp3-preview/73e1e76ccdd4e6b6fc1738cca7d42797238509f5?cid=a91ed9edffbc4349b0ae66ad2680900a,1989-06-02,"['album rock', 'classic rock', 'country rock', 'folk', 'folk rock', 'heartland rock', 'mellow gold', 'piano rock', 'pop rock', 'rock', 'roots rock', 'singer-songwriter', 'soft rock']",0.593,0.258,-16.03,0.0311,0.706,2.3e-05,0.0687,0.563,108.358,1,0,246973,25.0
77,World In Motion,spotify:album:2FThRW6P2d1DQBn1btklsb,9,0,2FThRW6P2d1DQBn1btklsb,World In Motion,9,I Am a Patriot,29CvdXjlB4K6TxP7kIUSb2,https://p.scdn.co/mp3-preview/da10bdaf56c7a1a6c8f0dc13a3b5ec15b96df0ff?cid=a91ed9edffbc4349b0ae66ad2680900a,1989-06-02,"['album rock', 'classic rock', 'country rock', 'folk', 'folk rock', 'heartland rock', 'mellow gold', 'piano rock', 'pop rock', 'rock', 'roots rock', 'singer-songwriter', 'soft rock']",0.48,0.725,-6.704,0.0351,0.186,0.0,0.117,0.73,160.51,7,1,244573,25.0
78,World In Motion,spotify:album:2FThRW6P2d1DQBn1btklsb,9,0,2FThRW6P2d1DQBn1btklsb,World In Motion,10,Lights and Virtues,3Jsv2dD03Ml68a4BFTwce4,https://p.scdn.co/mp3-preview/4f05be00854e7b8d695cb62e761ec2824afbb8d6?cid=a91ed9edffbc4349b0ae66ad2680900a,1989-06-02,"['album rock', 'classic rock', 'country rock', 'folk', 'folk rock', 'heartland rock', 'mellow gold', 'piano rock', 'pop rock', 'rock', 'roots rock', 'singer-songwriter', 'soft rock']",0.544,0.344,-15.078,0.0298,0.237,0.0146,0.0917,0.231,124.471,7,1,285133,25.0
79,I'm Alive,spotify:album:48qbdp47cWW5XHbTEkbRM5,10,0,48qbdp47cWW5XHbTEkbRM5,I'm Alive,1,I'm Alive,489eB6PuVbHuH8A0FY4Dj6,https://p.scdn.co/mp3-preview/4d0543a85357a9a00685b094a7ba28d4fc3e2c13?cid=a91ed9edffbc4349b0ae66ad2680900a,1993-10-05,"['album rock', 'classic rock', 'country rock', 'folk', 'folk rock', 'heartland rock', 'mellow gold', 'piano rock', 'pop rock', 'rock', 'roots rock', 'singer-songwriter', 'soft rock']",0.524,0.678,-5.681,0.0361,0.0957,0.000195,0.115,0.345,95.835,4,1,308965,42.0
80,I'm Alive,spotify:album:48qbdp47cWW5XHbTEkbRM5,10,0,48qbdp47cWW5XHbTEkbRM5,I'm Alive,2,My Problem Is You,3AQId8HzcpZgDqktKakBR2,https://p.scdn.co/mp3-preview/174ece0e1ec5d7f3bdacc2219fa00218b0d110fe?cid=a91ed9edffbc4349b0ae66ad2680900a,1993-10-05,"['album rock', 'classic rock', 'country rock', 'folk', 'folk rock', 'heartland rock', 'mellow gold', 'piano rock', 'pop rock', 'rock', 'roots rock', 'singer-songwriter', 'soft rock']",0.679,0.351,-15.761,0.0412,0.352,5.32e-05,0.142,0.828,119.721,2,1,280311,42.0
81,I'm Alive,spotify:album:48qbdp47cWW5XHbTEkbRM5,10,0,48qbdp47cWW5XHbTEkbRM5,I'm Alive,3,Everywhere I Go,6r18UNb1qLbkWNyfww0Zsb,https://p.scdn.co/mp3-preview/919c9db02c7ecbb831489cf3824015eece8e8dec?cid=a91ed9edffbc4349b0ae66ad2680900a,1993-10-05,"['album rock', 'classic rock', 'country rock', 'folk', 'folk rock', 'heartland rock', 'mellow gold', 'piano rock', 'pop rock', 'rock', 'roots rock', 'singer-songwriter', 'soft rock']",0.679,0.43,-10.61,0.0721,0.09,6.93e-05,0.12,0.699,168.051,2,1,277896,42.0
82,I'm Alive,spotify:album:48qbdp47cWW5XHbTEkbRM5,10,0,48qbdp47cWW5XHbTEkbRM5,I'm Alive,4,I'll Do Anything,7g39nauzp51p5YAfCkqFp3,https://p.scdn.co/mp3-preview/c84592270ee925d85ccfeb61aee40b7cb931aa1c?cid=a91ed9edffbc4349b0ae66ad2680900a,1993-10-05,"['album rock', 'classic rock', 'country rock', 'folk', 'folk rock', 'heartland rock', 'mellow gold', 'piano rock', 'pop rock', 'rock', 'roots rock', 'singer-songwriter', 'soft rock']",0.561,0.427,-11.921,0.0282,0.314,0.000231,0.0671,0.234,89.914,11,0,271952,42.0
83,I'm Alive,spotify:album:48qbdp47cWW5XHbTEkbRM5,10,0,48qbdp47cWW5XHbTEkbRM5,I'm Alive,5,Miles Away,54oG6CiL94HQA2Zp0XNC3h,https://p.scdn.co/mp3-preview/9ddee083ab4d678acd3355acd2527d919c458ae2?cid=a91ed9edffbc4349b0ae66ad2680900a,1993-10-05,"['album rock', 'classic rock', 'country rock', 'folk', 'folk rock', 'heartland rock', 'mellow gold', 'piano rock', 'pop rock', 'rock', 'roots rock', 'singer-songwriter', 'soft rock']",0.531,0.71,-9.544,0.032,0.0308,3.42e-06,0.185,0.607,131.768,11,1,232060,42.0
84,I'm Alive,spotify:album:48qbdp47cWW5XHbTEkbRM5,10,0,48qbdp47cWW5XHbTEkbRM5,I'm Alive,6,Too Many Angels,4JZPxvAQIY2gfKEFVGmuei,https://p.scdn.co/mp3-preview/9b22ec5a63aa145b8cd40052180a78bf8cc494d2?cid=a91ed9edffbc4349b0ae66ad2680900a,1993-10-05,"['album rock', 'classic rock', 'country rock', 'folk', 'folk rock', 'heartland rock', 'mellow gold', 'piano rock', 'pop rock', 'rock', 'roots rock', 'singer-songwriter', 'soft rock']",0.515,0.31,-15.584,0.0327,0.434,0.000474,0.0716,0.362,82.126,4,0,364321,42.0
85,I'm Alive,spotify:album:48qbdp47cWW5XHbTEkbRM5,10,0,48qbdp47cWW5XHbTEkbRM5,I'm Alive,7,Take This Rain,4oSRtdJbsa3ZoHSDIBNgLl,https://p.scdn.co/mp3-preview/d94fd2b3e462da8eb7d3394427788166dc9b568a?cid=a91ed9edffbc4349b0ae66ad2680900a,1993-10-05,"['album rock', 'classic rock', 'country rock', 'folk', 'folk rock', 'heartland rock', 'mellow gold', 'piano rock', 'pop rock', 'rock', 'roots rock', 'singer-songwriter', 'soft rock']",0.73,0.407,-10.936,0.0309,0.0639,2.67e-06,0.123,0.493,118.083,7,1,290482,42.0
86,I'm Alive,spotify:album:48qbdp47cWW5XHbTEkbRM5,10,0,48qbdp47cWW5XHbTEkbRM5,I'm Alive,8,"Two of Me, Two of You",0rIsBQuriLc8MRAllvIedL,https://p.scdn.co/mp3-preview/bdd9ecd40a807dd51e9df22ca1f86c78b08f8653?cid=a91ed9edffbc4349b0ae66ad2680900a,1993-10-05,"['album rock', 'classic rock', 'country rock', 'folk', 'folk rock', 'heartland rock', 'mellow gold', 'piano rock', 'pop rock', 'rock', 'roots rock', 'singer-songwriter', 'soft rock']",0.574,0.188,-16.141,0.0406,0.504,6.93e-05,0.113,0.324,80.601,5,1,176379,42.0
87,I'm Alive,spotify:album:48qbdp47cWW5XHbTEkbRM5,10,0,48qbdp47cWW5XHbTEkbRM5,I'm Alive,9,Sky Blue and Black,6eGOHPcCIUhrtlWgKfNiaY,https://p.scdn.co/mp3-preview/e562ff3c291481b20164c3b40a713e66f1d3f6fc?cid=a91ed9edffbc4349b0ae66ad2680900a,1993-10-05,"['album rock', 'classic rock', 'country rock', 'folk', 'folk rock', 'heartland rock', 'mellow gold', 'piano rock', 'pop rock', 'rock', 'roots rock', 'singer-songwriter', 'soft rock']",0.356,0.364,-12.682,0.039,0.561,2.58e-06,0.212,0.208,175.863,0,1,367015,42.0
88,I'm Alive,spotify:album:48qbdp47cWW5XHbTEkbRM5,10,0,48qbdp47cWW5XHbTEkbRM5,I'm Alive,10,All Good Things,0gvLe1lzwlvlqfg9zTU20g,https://p.scdn.co/mp3-preview/d88675a9e97a854a6d816efbbd389373c59b0a13?cid=a91ed9edffbc4349b0ae66ad2680900a,1993-10-05,"['album rock', 'classic rock', 'country rock', 'folk', 'folk rock', 'heartland rock', 'mellow gold', 'piano rock', 'pop rock', 'rock', 'roots rock', 'singer-songwriter', 'soft rock']",0.693,0.331,-12.55,0.0352,0.289,2.49e-05,0.101,0.378,120.598,4,1,266565,42.0
89,Looking East,spotify:album:1QRFAMLYv7hMMjudkwhUNF,11,0,1QRFAMLYv7hMMjudkwhUNF,Looking East,1,Looking East,4E2qenkYrZ3AFWYSnLDSKc,https://p.scdn.co/mp3-preview/a38377a915f413b757c1c89294d32c19947ad218?cid=a91ed9edffbc4349b0ae66ad2680900a,1996-01-23,"['album rock', 'classic rock', 'country rock', 'folk', 'folk rock', 'heartland rock', 'mellow gold', 'piano rock', 'pop rock', 'rock', 'roots rock', 'singer-songwriter', 'soft rock']",0.562,0.766,-5.825,0.026,0.0587,1.42e-06,0.271,0.465,131.985,5,1,295733,35.0
90,Looking East,spotify:album:1QRFAMLYv7hMMjudkwhUNF,11,0,1QRFAMLYv7hMMjudkwhUNF,Looking East,2,The Barricades of Heaven,3woEtvy8lEqji1iV1ttuxb,https://p.scdn.co/mp3-preview/5d6c26e7087560d4adfe33cf7ed0526173fbf298?cid=a91ed9edffbc4349b0ae66ad2680900a,1996-01-23,"['album rock', 'classic rock', 'country rock', 'folk', 'folk rock', 'heartland rock', 'mellow gold', 'piano rock', 'pop rock', 'rock', 'roots rock', 'singer-songwriter', 'soft rock']",0.669,0.48,-8.905,0.0267,0.377,0.000138,0.109,0.346,122.081,7,1,340227,35.0
91,Looking East,spotify:album:1QRFAMLYv7hMMjudkwhUNF,11,0,1QRFAMLYv7hMMjudkwhUNF,Looking East,3,Some Bridges,120o5bHdLGjdlSECocOzen,https://p.scdn.co/mp3-preview/7f4ac28568de62d0e7352cb7e56f99bf3081dab8?cid=a91ed9edffbc4349b0ae66ad2680900a,1996-01-23,"['album rock', 'classic rock', 'country rock', 'folk', 'folk rock', 'heartland rock', 'mellow gold', 'piano rock', 'pop rock', 'rock', 'roots rock', 'singer-songwriter', 'soft rock']",0.702,0.5,-9.203,0.0284,0.387,0.0,0.0919,0.651,100.735,11,1,291893,35.0
92,Looking East,spotify:album:1QRFAMLYv7hMMjudkwhUNF,11,0,1QRFAMLYv7hMMjudkwhUNF,Looking East,4,Information Wars,60hgTfdTYj7iY6RyjiZU2G,https://p.scdn.co/mp3-preview/90d5700cc349d9460d01419bb23b0215bc016561?cid=a91ed9edffbc4349b0ae66ad2680900a,1996-01-23,"['album rock', 'classic rock', 'country rock', 'folk', 'folk rock', 'heartland rock', 'mellow gold', 'piano rock', 'pop rock', 'rock', 'roots rock', 'singer-songwriter', 'soft rock']",0.474,0.489,-10.471,0.0411,0.434,0.000123,0.0583,0.56,173.185,4,0,314867,35.0
93,Looking East,spotify:album:1QRFAMLYv7hMMjudkwhUNF,11,0,1QRFAMLYv7hMMjudkwhUNF,Looking East,5,I'm the Cat,3TK2jTgThVtEcebOxsf7tj,https://p.scdn.co/mp3-preview/6e642f45d42eb7df5b10fc19bd8ea70958051592?cid=a91ed9edffbc4349b0ae66ad2680900a,1996-01-23,"['album rock', 'classic rock', 'country rock', 'folk', 'folk rock', 'heartland rock', 'mellow gold', 'piano rock', 'pop rock', 'rock', 'roots rock', 'singer-songwriter', 'soft rock']",0.727,0.542,-7.163,0.0308,0.289,0.0,0.176,0.543,123.354,6,1,235133,35.0
94,Looking East,spotify:album:1QRFAMLYv7hMMjudkwhUNF,11,0,1QRFAMLYv7hMMjudkwhUNF,Looking East,6,Culver Moon,0wzzhMJ4xf8QhFIyVdQKSt,https://p.scdn.co/mp3-preview/a601a3223bf904524c254da5f622e73762c892a0?cid=a91ed9edffbc4349b0ae66ad2680900a,1996-01-23,"['album rock', 'classic rock', 'country rock', 'folk', 'folk rock', 'heartland rock', 'mellow gold', 'piano rock', 'pop rock', 'rock', 'roots rock', 'singer-songwriter', 'soft rock']",0.772,0.46,-8.073,0.0342,0.52,0.000315,0.0947,0.698,88.798,10,1,345773,35.0
95,Looking East,spotify:album:1QRFAMLYv7hMMjudkwhUNF,11,0,1QRFAMLYv7hMMjudkwhUNF,Looking East,7,Baby How Long,3kTbIa2yEffKKzJMMx88Xq,https://p.scdn.co/mp3-preview/226f596d79e75bc85e60da40e9dc79cc4fc393b9?cid=a91ed9edffbc4349b0ae66ad2680900a,1996-01-23,"['album rock', 'classic rock', 'country rock', 'folk', 'folk rock', 'heartland rock', 'mellow gold', 'piano rock', 'pop rock', 'rock', 'roots rock', 'singer-songwriter', 'soft rock']",0.703,0.572,-11.015,0.0384,0.722,0.000972,0.121,0.54,111.245,0,1,305533,35.0
96,Looking East,spotify:album:1QRFAMLYv7hMMjudkwhUNF,11,0,1QRFAMLYv7hMMjudkwhUNF,Looking East,8,Nino,337Iw2gJ2iIKQMRnt9TJDd,https://p.scdn.co/mp3-preview/7fadc2bae6f417ed1cf7c0a41a135c826d32c0e6?cid=a91ed9edffbc4349b0ae66ad2680900a,1996-01-23,"['album rock', 'classic rock', 'country rock', 'folk', 'folk rock', 'heartland rock', 'mellow gold', 'piano rock', 'pop rock', 'rock', 'roots rock', 'singer-songwriter', 'soft rock']",0.565,0.782,-9.306,0.0363,0.156,0.000555,0.117,0.651,120.484,5,1,314000,35.0
97,Looking East,spotify:album:1QRFAMLYv7hMMjudkwhUNF,11,0,1QRFAMLYv7hMMjudkwhUNF,Looking East,9,Alive in the World,3nTyQsbg7r5zGmYqW7QvgZ,https://p.scdn.co/mp3-preview/3b64552ec9e70be6034a2473987683ba6e7d36e9?cid=a91ed9edffbc4349b0ae66ad2680900a,1996-01-23,"['album rock', 'classic rock', 'country rock', 'folk', 'folk rock', 'heartland rock', 'mellow gold', 'piano rock', 'pop rock', 'rock', 'roots rock', 'singer-songwriter', 'soft rock']",0.757,0.343,-11.673,0.0296,0.749,0.000134,0.089,0.228,120.29,2,1,291293,35.0
98,Looking East,spotify:album:1QRFAMLYv7hMMjudkwhUNF,11,0,1QRFAMLYv7hMMjudkwhUNF,Looking East,10,It Is One,1w9EhEH7fbX40rGXAPtOT9,https://p.scdn.co/mp3-preview/e853e0348bf0136da8bf5001b416d72e76000dd2?cid=a91ed9edffbc4349b0ae66ad2680900a,1996-01-23,"['album rock', 'classic rock', 'country rock', 'folk', 'folk rock', 'heartland rock', 'mellow gold', 'piano rock', 'pop rock', 'rock', 'roots rock', 'singer-songwriter', 'soft rock']",0.678,0.438,-10.774,0.037,0.305,1.26e-05,0.343,0.765,82.815,2,1,297107,35.0
99,The Naked Ride Home,spotify:album:2IVmN04ppNcEsAZdENJUiM,12,0,2IVmN04ppNcEsAZdENJUiM,The Naked Ride Home,1,The Naked Ride Home,6Y23wshP2payVzQVynqa6e,https://p.scdn.co/mp3-preview/953afa6593fabe80489c7192fb390c8ea54b1d3c?cid=a91ed9edffbc4349b0ae66ad2680900a,2002-09-24,"['album rock', 'classic rock', 'country rock', 'folk', 'folk rock', 'heartland rock', 'mellow gold', 'piano rock', 'pop rock', 'rock', 'roots rock', 'singer-songwriter', 'soft rock']",0.655,0.579,-8.1,0.0237,0.152,0.00161,0.146,0.527,111.067,1,1,358053,28.0
100,The Naked Ride Home,spotify:album:2IVmN04ppNcEsAZdENJUiM,12,0,2IVmN04ppNcEsAZdENJUiM,The Naked Ride Home,2,The Night Inside Me,0Yam0Y0w0jZSjLNMBkTDN6,https://p.scdn.co/mp3-preview/4b5983bd8b75d399a4cd8b17dbc2d375d943192d?cid=a91ed9edffbc4349b0ae66ad2680900a,2002-09-24,"['album rock', 'classic rock', 'country rock', 'folk', 'folk rock', 'heartland rock', 'mellow gold', 'piano rock', 'pop rock', 'rock', 'roots rock', 'singer-songwriter', 'soft rock']",0.593,0.842,-6.779,0.0425,0.0364,7.39e-05,0.185,0.594,74.893,7,1,279667,28.0
101,The Naked Ride Home,spotify:album:2IVmN04ppNcEsAZdENJUiM,12,0,2IVmN04ppNcEsAZdENJUiM,The Naked Ride Home,3,Casino Nation,1SoA33XNAg8Gz3LvkM0omm,https://p.scdn.co/mp3-preview/19007182cc259a31e5444fa3941e5d00095e6b19?cid=a91ed9edffbc4349b0ae66ad2680900a,2002-09-24,"['album rock', 'classic rock', 'country rock', 'folk', 'folk rock', 'heartland rock', 'mellow gold', 'piano rock', 'pop rock', 'rock', 'roots rock', 'singer-songwriter', 'soft rock']",0.717,0.33,-12.453,0.0307,0.0872,0.00189,0.0851,0.63,139.966,7,1,416640,28.0
102,The Naked Ride Home,spotify:album:2IVmN04ppNcEsAZdENJUiM,12,0,2IVmN04ppNcEsAZdENJUiM,The Naked Ride Home,4,For Taking the Trouble,7qfLLVeTEipsli1efnrd6o,https://p.scdn.co/mp3-preview/4c21a350ca8b62a63d026bdbab8905dec7a989b6?cid=a91ed9edffbc4349b0ae66ad2680900a,2002-09-24,"['album rock', 'classic rock', 'country rock', 'folk', 'folk rock', 'heartland rock', 'mellow gold', 'piano rock', 'pop rock', 'rock', 'roots rock', 'singer-songwriter', 'soft rock']",0.746,0.489,-11.079,0.0279,0.493,0.000997,0.13,0.659,130.135,2,1,264827,28.0
103,The Naked Ride Home,spotify:album:2IVmN04ppNcEsAZdENJUiM,12,0,2IVmN04ppNcEsAZdENJUiM,The Naked Ride Home,5,Never Stop,0h9Ys0uDkz2GAIG82xaFYu,https://p.scdn.co/mp3-preview/ce4c1e61ba81aef66473c1c5fb99e05e63249056?cid=a91ed9edffbc4349b0ae66ad2680900a,2002-09-24,"['album rock', 'classic rock', 'country rock', 'folk', 'folk rock', 'heartland rock', 'mellow gold', 'piano rock', 'pop rock', 'rock', 'roots rock', 'singer-songwriter', 'soft rock']",0.631,0.516,-8.079,0.0303,0.306,0.000149,0.176,0.606,81.962,0,1,296040,28.0
104,The Naked Ride Home,spotify:album:2IVmN04ppNcEsAZdENJUiM,12,0,2IVmN04ppNcEsAZdENJUiM,The Naked Ride Home,6,Walking Town,0o2jOnLc2pqwjkAoCfQqUc,https://p.scdn.co/mp3-preview/cb96d8794a6481d203463f5e859880d8270909da?cid=a91ed9edffbc4349b0ae66ad2680900a,2002-09-24,"['album rock', 'classic rock', 'country rock', 'folk', 'folk rock', 'heartland rock', 'mellow gold', 'piano rock', 'pop rock', 'rock', 'roots rock', 'singer-songwriter', 'soft rock']",0.752,0.336,-11.586,0.0333,0.656,0.0553,0.155,0.322,94.072,1,1,380227,28.0
105,The Naked Ride Home,spotify:album:2IVmN04ppNcEsAZdENJUiM,12,0,2IVmN04ppNcEsAZdENJUiM,The Naked Ride Home,7,About My Imagination,0A0ENFf9AnnkOoBhsd0Mjl,https://p.scdn.co/mp3-preview/0ef5ac0f62f5e9585de8c7153981fbb40ca619ba?cid=a91ed9edffbc4349b0ae66ad2680900a,2002-09-24,"['album rock', 'classic rock', 'country rock', 'folk', 'folk rock', 'heartland rock', 'mellow gold', 'piano rock', 'pop rock', 'rock', 'roots rock', 'singer-songwriter', 'soft rock']",0.568,0.733,-5.45,0.0374,0.34,9.92e-05,0.072,0.633,154.098,10,1,369467,28.0
106,The Naked Ride Home,spotify:album:2IVmN04ppNcEsAZdENJUiM,12,0,2IVmN04ppNcEsAZdENJUiM,The Naked Ride Home,8,Sergio Leone,2rIcgrkB6gIrs6JigCilJm,https://p.scdn.co/mp3-preview/6a02e3379f94fb4ce10047524548b92a09390d89?cid=a91ed9edffbc4349b0ae66ad2680900a,2002-09-24,"['album rock', 'classic rock', 'country rock', 'folk', 'folk rock', 'heartland rock', 'mellow gold', 'piano rock', 'pop rock', 'rock', 'roots rock', 'singer-songwriter', 'soft rock']",0.604,0.268,-15.299,0.0396,0.673,0.0691,0.1,0.237,110.079,4,0,476000,28.0
107,The Naked Ride Home,spotify:album:2IVmN04ppNcEsAZdENJUiM,12,0,2IVmN04ppNcEsAZdENJUiM,The Naked Ride Home,9,Don't You Want to Be There,2e62rpQnEaVoQHWltXWDVV,https://p.scdn.co/mp3-preview/af6b0ced5a4e5af94980645bce04a298e7931f01?cid=a91ed9edffbc4349b0ae66ad2680900a,2002-09-24,"['album rock', 'classic rock', 'country rock', 'folk', 'folk rock', 'heartland rock', 'mellow gold', 'piano rock', 'pop rock', 'rock', 'roots rock', 'singer-songwriter', 'soft rock']",0.67,0.262,-13.248,0.0255,0.636,0.0256,0.111,0.439,106.896,7,1,454933,28.0
108,The Naked Ride Home,spotify:album:2IVmN04ppNcEsAZdENJUiM,12,0,2IVmN04ppNcEsAZdENJUiM,The Naked Ride Home,10,My Stunning Mystery Companion,2MUBwsG00DFobBWCxNmZLr,https://p.scdn.co/mp3-preview/c5b6625b5262da116b74db83e9e804fa4fc56e41?cid=a91ed9edffbc4349b0ae66ad2680900a,2002-09-24,"['album rock', 'classic rock', 'country rock', 'folk', 'folk rock', 'heartland rock', 'mellow gold', 'piano rock', 'pop rock', 'rock', 'roots rock', 'singer-songwriter', 'soft rock']",0.654,0.438,-10.796,0.0266,0.378,0.000448,0.313,0.346,90.959,3,1,291667,28.0
109,Time the Conqueror,spotify:album:3VL66dS2IN81VtojWbTjJ0,13,1,3VL66dS2IN81VtojWbTjJ0,Time the Conqueror,1,Time the Conqueror,6L4Muf7b5dF9UzA6fzkj3a,https://p.scdn.co/mp3-preview/f901ad81856681f358eae4b6057155b14eabd04d?cid=a91ed9edffbc4349b0ae66ad2680900a,2008-09-23,"['album rock', 'classic rock', 'country rock', 'folk', 'folk rock', 'heartland rock', 'mellow gold', 'piano rock', 'pop rock', 'rock', 'roots rock', 'singer-songwriter', 'soft rock']",0.595,0.522,-12.204,0.0264,0.641,0.00522,0.0762,0.246,129.752,7,1,326880,27.0
110,Time the Conqueror,spotify:album:3VL66dS2IN81VtojWbTjJ0,13,1,3VL66dS2IN81VtojWbTjJ0,Time the Conqueror,2,Off of Wonderland,7to1apSTTGtP0Tesjjf6oZ,https://p.scdn.co/mp3-preview/321a180b88aa6dea5f08b11337374958787dfd41?cid=a91ed9edffbc4349b0ae66ad2680900a,2008-09-23,"['album rock', 'classic rock', 'country rock', 'folk', 'folk rock', 'heartland rock', 'mellow gold', 'piano rock', 'pop rock', 'rock', 'roots rock', 'singer-songwriter', 'soft rock']",0.677,0.598,-11.242,0.0311,0.147,0.00152,0.0901,0.63,120.157,6,1,220200,27.0
111,Time the Conqueror,spotify:album:3VL66dS2IN81VtojWbTjJ0,13,1,3VL66dS2IN81VtojWbTjJ0,Time the Conqueror,3,The Drums of War,5fqOsGNrUHtNmv9C41rhK2,https://p.scdn.co/mp3-preview/d63ac51513c7efe4970362a33dcf938d9b2c359a?cid=a91ed9edffbc4349b0ae66ad2680900a,2008-09-23,"['album rock', 'classic rock', 'country rock', 'folk', 'folk rock', 'heartland rock', 'mellow gold', 'piano rock', 'pop rock', 'rock', 'roots rock', 'singer-songwriter', 'soft rock']",0.687,0.662,-9.506,0.0309,0.0921,0.002,0.0803,0.383,136.139,2,1,373827,27.0
112,Time the Conqueror,spotify:album:3VL66dS2IN81VtojWbTjJ0,13,1,3VL66dS2IN81VtojWbTjJ0,Time the Conqueror,4,The Arms of Night,03jdJMuSsU5PpzymBK5zb5,https://p.scdn.co/mp3-preview/26751a41ed79a7c338a31e5614a94d43a5a3b823?cid=a91ed9edffbc4349b0ae66ad2680900a,2008-09-23,"['album rock', 'classic rock', 'country rock', 'folk', 'folk rock', 'heartland rock', 'mellow gold', 'piano rock', 'pop rock', 'rock', 'roots rock', 'singer-songwriter', 'soft rock']",0.646,0.344,-13.788,0.0254,0.629,0.000747,0.083,0.194,106.149,2,0,274240,27.0
113,Time the Conqueror,spotify:album:3VL66dS2IN81VtojWbTjJ0,13,1,3VL66dS2IN81VtojWbTjJ0,Time the Conqueror,5,Where Were You?,5xuvnjQWB0VLn6MzljJzpo,https://p.scdn.co/mp3-preview/772cdd1208794d0c0349586685fde224988fa418?cid=a91ed9edffbc4349b0ae66ad2680900a,2008-09-23,"['album rock', 'classic rock', 'country rock', 'folk', 'folk rock', 'heartland rock', 'mellow gold', 'piano rock', 'pop rock', 'rock', 'roots rock', 'singer-songwriter', 'soft rock']",0.65,0.536,-11.612,0.0303,0.0322,0.00456,0.197,0.514,90.269,1,0,588227,27.0
114,Time the Conqueror,spotify:album:3VL66dS2IN81VtojWbTjJ0,13,1,3VL66dS2IN81VtojWbTjJ0,Time the Conqueror,6,Going Down to Cuba,6xQml8kGDa7DVNqZ5vAiqj,https://p.scdn.co/mp3-preview/63d9e8b93b379d03e819f730bcb59ae5a73ad0c9?cid=a91ed9edffbc4349b0ae66ad2680900a,2008-09-23,"['album rock', 'classic rock', 'country rock', 'folk', 'folk rock', 'heartland rock', 'mellow gold', 'piano rock', 'pop rock', 'rock', 'roots rock', 'singer-songwriter', 'soft rock']",0.729,0.275,-15.872,0.0342,0.573,0.00152,0.111,0.514,86.059,2,1,344093,27.0
115,Time the Conqueror,spotify:album:3VL66dS2IN81VtojWbTjJ0,13,1,3VL66dS2IN81VtojWbTjJ0,Time the Conqueror,7,Giving That Heaven Away,0m0aJMqY7CugY1pkJG7QGO,https://p.scdn.co/mp3-preview/ce9c6a257fe51dbe0de5cde992f92e9dc945ce6d?cid=a91ed9edffbc4349b0ae66ad2680900a,2008-09-23,"['album rock', 'classic rock', 'country rock', 'folk', 'folk rock', 'heartland rock', 'mellow gold', 'piano rock', 'pop rock', 'rock', 'roots rock', 'singer-songwriter', 'soft rock']",0.765,0.407,-12.984,0.031,0.474,0.00246,0.109,0.754,105.12,3,1,384093,27.0
116,Time the Conqueror,spotify:album:3VL66dS2IN81VtojWbTjJ0,13,1,3VL66dS2IN81VtojWbTjJ0,Time the Conqueror,8,Live Nude Cabaret,73gAvTRmpI9w7zYTL2rfW3,https://p.scdn.co/mp3-preview/0c290668c0310321af40e4ca745dbbd50ad7ff4e?cid=a91ed9edffbc4349b0ae66ad2680900a,2008-09-23,"['album rock', 'classic rock', 'country rock', 'folk', 'folk rock', 'heartland rock', 'mellow gold', 'piano rock', 'pop rock', 'rock', 'roots rock', 'singer-songwriter', 'soft rock']",0.634,0.237,-14.994,0.03,0.786,0.0013,0.118,0.148,139.922,6,0,256373,27.0
117,Time the Conqueror,spotify:album:3VL66dS2IN81VtojWbTjJ0,13,1,3VL66dS2IN81VtojWbTjJ0,Time the Conqueror,9,Just Say Yeah,0ks88pWSVM57jymwTzUhvd,https://p.scdn.co/mp3-preview/8e23f9bf80737d6b7044f02d5550b8105e76001d?cid=a91ed9edffbc4349b0ae66ad2680900a,2008-09-23,"['album rock', 'classic rock', 'country rock', 'folk', 'folk rock', 'heartland rock', 'mellow gold', 'piano rock', 'pop rock', 'rock', 'roots rock', 'singer-songwriter', 'soft rock']",0.771,0.54,-10.982,0.0298,0.35,0.00454,0.0854,0.863,124.14,7,1,350787,27.0
118,Time the Conqueror,spotify:album:3VL66dS2IN81VtojWbTjJ0,13,1,3VL66dS2IN81VtojWbTjJ0,Time the Conqueror,10,Far from the Arms of Hunger,56a1nbpu1OOAzEHxsrPJp6,https://p.scdn.co/mp3-preview/589574cf95bb9c24cbfb06a1471745b28b365e5c?cid=a91ed9edffbc4349b0ae66ad2680900a,2008-09-23,"['album rock', 'classic rock', 'country rock', 'folk', 'folk rock', 'heartland rock', 'mellow gold', 'piano rock', 'pop rock', 'rock', 'roots rock', 'singer-songwriter', 'soft rock']",0.656,0.256,-15.907,0.0298,0.658,0.0185,0.127,0.299,74.056,6,0,317667,27.0
119,Standing In The Breach,spotify:album:030uLS1xIKmntvGwjggTcv,14,1,030uLS1xIKmntvGwjggTcv,Standing In The Breach,1,The Birds Of St. Marks,1ehvlikzBocGgyyQqZZ8hI,https://p.scdn.co/mp3-preview/5be20e705d0549e1b32ddfc432d66445210b0caf?cid=a91ed9edffbc4349b0ae66ad2680900a,2014-10-03,"['album rock', 'classic rock', 'country rock', 'folk', 'folk rock', 'heartland rock', 'mellow gold', 'piano rock', 'pop rock', 'rock', 'roots rock', 'singer-songwriter', 'soft rock']",0.523,0.619,-8.504,0.0299,0.00515,3.36e-05,0.133,0.447,120.675,2,1,262747,37.0
120,Standing In The Breach,spotify:album:030uLS1xIKmntvGwjggTcv,14,1,030uLS1xIKmntvGwjggTcv,Standing In The Breach,2,Yeah Yeah,5Hzm8I7Amytwq3c2CRkf1B,https://p.scdn.co/mp3-preview/26de179998a0d660bba577cb133d30bee1a435e3?cid=a91ed9edffbc4349b0ae66ad2680900a,2014-10-03,"['album rock', 'classic rock', 'country rock', 'folk', 'folk rock', 'heartland rock', 'mellow gold', 'piano rock', 'pop rock', 'rock', 'roots rock', 'singer-songwriter', 'soft rock']",0.635,0.47,-9.722,0.0289,0.28,2.68e-06,0.145,0.528,125.895,7,1,374453,37.0
121,Standing In The Breach,spotify:album:030uLS1xIKmntvGwjggTcv,14,1,030uLS1xIKmntvGwjggTcv,Standing In The Breach,3,The Long Way Around,4BQXwbdfsY9dBnJiFSPXQu,https://p.scdn.co/mp3-preview/bba2625416eec4a463e6844f0f111fc745368a6d?cid=a91ed9edffbc4349b0ae66ad2680900a,2014-10-03,"['album rock', 'classic rock', 'country rock', 'folk', 'folk rock', 'heartland rock', 'mellow gold', 'piano rock', 'pop rock', 'rock', 'roots rock', 'singer-songwriter', 'soft rock']",0.635,0.358,-13.383,0.0285,0.708,0.0458,0.118,0.445,87.079,5,1,384307,37.0
122,Standing In The Breach,spotify:album:030uLS1xIKmntvGwjggTcv,14,1,030uLS1xIKmntvGwjggTcv,Standing In The Breach,4,Leaving Winslow,4FNP7uMVDKrNmV56rRZd04,https://p.scdn.co/mp3-preview/c138754db7a9809976e42d7c51f362566b85d531?cid=a91ed9edffbc4349b0ae66ad2680900a,2014-10-03,"['album rock', 'classic rock', 'country rock', 'folk', 'folk rock', 'heartland rock', 'mellow gold', 'piano rock', 'pop rock', 'rock', 'roots rock', 'singer-songwriter', 'soft rock']",0.427,0.519,-8.99,0.033,0.247,0.00041,0.144,0.655,187.15,7,1,232547,37.0
123,Standing In The Breach,spotify:album:030uLS1xIKmntvGwjggTcv,14,1,030uLS1xIKmntvGwjggTcv,Standing In The Breach,5,If I Could Be Anywhere,1I7DUKJKWbBKFiboJ6si7x,https://p.scdn.co/mp3-preview/7c87e3307b9e9c4275353fadd22b15bd54c9dd4b?cid=a91ed9edffbc4349b0ae66ad2680900a,2014-10-03,"['album rock', 'classic rock', 'country rock', 'folk', 'folk rock', 'heartland rock', 'mellow gold', 'piano rock', 'pop rock', 'rock', 'roots rock', 'singer-songwriter', 'soft rock']",0.518,0.411,-12.037,0.0357,0.316,0.0736,0.134,0.335,119.097,10,1,427960,37.0
124,Standing In The Breach,spotify:album:030uLS1xIKmntvGwjggTcv,14,1,030uLS1xIKmntvGwjggTcv,Standing In The Breach,6,You Know The Night,0RTlpP1mVxM4MomDZcdKVN,https://p.scdn.co/mp3-preview/2d2c2a6d83dae8468456a965ca2489ed993f6f15?cid=a91ed9edffbc4349b0ae66ad2680900a,2014-10-03,"['album rock', 'classic rock', 'country rock', 'folk', 'folk rock', 'heartland rock', 'mellow gold', 'piano rock', 'pop rock', 'rock', 'roots rock', 'singer-songwriter', 'soft rock']",0.616,0.625,-8.976,0.0279,0.311,3.71e-06,0.221,0.604,95.265,0,1,331480,37.0
125,Standing In The Breach,spotify:album:030uLS1xIKmntvGwjggTcv,14,1,030uLS1xIKmntvGwjggTcv,Standing In The Breach,7,Walls And Doors,5Sy6B0YXUDkJYRhDCz9oIg,https://p.scdn.co/mp3-preview/b87f2170dfb8dd67cf2468908b2db8b85cb63cb1?cid=a91ed9edffbc4349b0ae66ad2680900a,2014-10-03,"['album rock', 'classic rock', 'country rock', 'folk', 'folk rock', 'heartland rock', 'mellow gold', 'piano rock', 'pop rock', 'rock', 'roots rock', 'singer-songwriter', 'soft rock']",0.514,0.228,-11.465,0.0275,0.253,0.0,0.113,0.257,89.597,0,1,361387,37.0
126,Standing In The Breach,spotify:album:030uLS1xIKmntvGwjggTcv,14,1,030uLS1xIKmntvGwjggTcv,Standing In The Breach,8,Which Side?,1bsgJ9llwAyY2sJwHbdAD3,https://p.scdn.co/mp3-preview/a2f0f24028d955f4d179be183228614547daf936?cid=a91ed9edffbc4349b0ae66ad2680900a,2014-10-03,"['album rock', 'classic rock', 'country rock', 'folk', 'folk rock', 'heartland rock', 'mellow gold', 'piano rock', 'pop rock', 'rock', 'roots rock', 'singer-songwriter', 'soft rock']",0.584,0.555,-8.859,0.0278,0.0766,0.000105,0.111,0.518,94.871,11,1,397360,37.0
127,Standing In The Breach,spotify:album:030uLS1xIKmntvGwjggTcv,14,1,030uLS1xIKmntvGwjggTcv,Standing In The Breach,9,Standing In The Breach,3BvEj8G19vUW92tehQoABZ,https://p.scdn.co/mp3-preview/10ee66f230a26174d6dcf059ef48236753075b95?cid=a91ed9edffbc4349b0ae66ad2680900a,2014-10-03,"['album rock', 'classic rock', 'country rock', 'folk', 'folk rock', 'heartland rock', 'mellow gold', 'piano rock', 'pop rock', 'rock', 'roots rock', 'singer-songwriter', 'soft rock']",0.562,0.364,-10.916,0.0333,0.702,9.97e-06,0.106,0.229,110.663,0,1,337400,37.0
128,Standing In The Breach,spotify:album:030uLS1xIKmntvGwjggTcv,14,1,030uLS1xIKmntvGwjggTcv,Standing In The Breach,10,Here,6lX8HopgLPvFXGCmcfyTLM,https://p.scdn.co/mp3-preview/81647f2b959a11fc1ad75538bfe380ba150fdb16?cid=a91ed9edffbc4349b0ae66ad2680900a,2014-10-03,"['album rock', 'classic rock', 'country rock', 'folk', 'folk rock', 'heartland rock', 'mellow gold', 'piano rock', 'pop rock', 'rock', 'roots rock', 'singer-songwriter', 'soft rock']",0.621,0.334,-13.849,0.0263,0.715,0.000454,0.107,0.153,106.475,7,1,265547,37.0
